true,pred,conf
7,4,0.3227562
5,5,0.3691247
5,4,0.2961701
5,7,0.39044195
5,5,0.3472915
5,7,0.34550774
4,3,0.34769422
3,2,0.2926281
2,2,0.36834544
7,0,0.31968036
7,7,0.39795688
3,5,0.3622185
6,2,0.3947795
5,3,0.39993572
3,3,0.39477485
5,7,0.38823435
3,0,0.37247846
3,3,0.3821385
5,5,0.3767138
3,2,0.37498555
5,3,0.36948672
