epoch,train_loss,train_acc,val_loss,val_acc,time_min
1,0.33010771948337553,0.89706,0.13644552748203279,0.9543,8.98
2,0.08335055490076541,0.97308,0.13369907572567463,0.9569,9.05
3,0.04689848989307881,0.98438,0.13769532064199447,0.9594,9.04
